Player_ID_1,Player_ID_2,Timestamp
DB,LL,2022-05-11 17:56:08
DB,LL,2022-05-11 17:56:09
DB,LL,2022-05-11 17:56:10
DB,LL,2022-05-11 17:56:11
DB,LL,2022-05-11 17:56:12
DB,LL,2022-05-11 17:56:13
DB,LL,2022-05-11 17:56:14
DB,LL,2022-05-11 17:56:15
DB,LL,2022-05-11 17:56:16
DB,LL,2022-05-11 17:56:17
DB,LL,2022-05-11 17:56:18
DB,LL,2022-05-11 17:56:19
DB,LL,2022-05-11 17:56:20
DB,LL,2022-05-11 17:56:21
DB,LL,2022-05-11 17:56:22
DB,LL,2022-05-11 17:56:23
DB,LL,2022-05-11 17:56:24
DB,LL,2022-05-11 17:56:25
DB,LL,2022-05-11 17:56:26
DB,LL,2022-05-11 17:56:27
DB,LL,2022-05-11 17:56:28
DB,LL,2022-05-11 17:56:29
DB,LL,2022-05-11 17:56:30
DB,LL,2022-05-11 17:56:31
DB,LL,2022-05-11 17:56:32
DB,LL,2022-05-11 17:56:33
DB,LL,2022-05-11 17:56:34
DB,LL,2022-05-11 17:56:35
DB,LL,2022-05-11 17:56:36
DB,LL,2022-05-11 17:56:37
DB,LL,2022-05-11 17:56:38
DB,LL,2022-05-11 17:56:39
DB,LL,2022-05-11 17:56:40
DB,LL,2022-05-11 17:56:41
DB,LL,2022-05-11 17:56:42
DB,LL,2022-05-11 17:56:43
DB,LL,2022-05-11 17:56:44
DB,LL,2022-05-11 17:56:45
DB,MCM,2022-05-11 17:47:44
DB,MCM,2022-05-11 17:47:45
DB,MCM,2022-05-11 17:47:46
DB,MCM,2022-05-11 17:47:47
DB,MCM,2022-05-11 17:47:48
DB,MCM,2022-05-11 17:47:49
DB,MCM,2022-05-11 17:47:50
DB,MCM,2022-05-11 17:47:51
DB,MCM,2022-05-11 17:47:52
DB,MCM,2022-05-11 17:47:53
DB,MCM,2022-05-11 17:47:54
DB,MCM,2022-05-11 17:47:55
DB,MCM,2022-05-11 17:47:56
DB,MCM,2022-05-11 17:47:57
DB,MCM,2022-05-11 17:47:58
DB,MCM,2022-05-11 17:47:59
DB,MCM,2022-05-11 17:48:00
DB,MCM,2022-05-11 17:48:01
DB,MCM,2022-05-11 17:48:02
DB,MCM,2022-05-11 17:48:03
DB,MCM,2022-05-11 17:48:04
DB,MCM,2022-05-11 17:48:05
DB,MCM,2022-05-11 17:48:06
DB,MCM,2022-05-11 17:48:07
DB,MCM,2022-05-11 17:48:08
DB,MCM,2022-05-11 17:48:09
DB,MCM,2022-05-11 17:48:10
DB,MCM,2022-05-11 17:48:11
DB,MCM,2022-05-11 17:48:12
DB,MCM,2022-05-11 17:48:13
DB,MCM,2022-05-11 17:48:14
DB,MCM,2022-05-11 17:48:15
DB,MCM,2022-05-11 17:48:16
DB,MCM,2022-05-11 17:48:17
DB,MCM,2022-05-11 17:48:18
DB,MCM,2022-05-11 17:48:19
DB,MCM,2022-05-11 17:48:20
DB,MCM,2022-05-11 17:48:21
DB,MCM,2022-05-11 17:48:22
DB,MCM,2022-05-11 17:48:23
DB,MCM,2022-05-11 17:48:24
DB,MCM,2022-05-11 17:48:25
DB,MCM,2022-05-11 17:48:26
DB,MCM,2022-05-11 17:48:27
DB,MCM,2022-05-11 17:48:28
DB,MCM,2022-05-11 17:48:29
DB,MCM,2022-05-11 17:48:30
DB,MCM,2022-05-11 17:48:31
DB,MCM,2022-05-11 17:48:32
DB,MCM,2022-05-11 17:48:33
DB,MCM,2022-05-11 17:48:34
DB,MCM,2022-05-11 17:48:35
DB,MCM,2022-05-11 17:48:36
DB,MCM,2022-05-11 17:48:37
DB,MCM,2022-05-11 17:48:38
DB,MCM,2022-05-11 17:48:39
DB,MCM,2022-05-11 17:48:40
DB,MCM,2022-05-11 17:48:41
DB,MCM,2022-05-11 17:48:42
DB,MCM,2022-05-11 17:48:43
DB,MCM,2022-05-11 17:48:44
DB,MCM,2022-05-11 17:48:45
DB,MCM,2022-05-11 17:48:46
DB,MCM,2022-05-11 17:48:47
DB,MCM,2022-05-11 17:48:48
DB,MCM,2022-05-11 17:48:49
DB,MCM,2022-05-11 17:48:50
DB,MCM,2022-05-11 17:48:51
DB,MCM,2022-05-11 17:48:52
DB,MCM,2022-05-11 17:48:53
DB,MCM,2022-05-11 17:48:54
DB,MCM,2022-05-11 17:48:55
DB,MCM,2022-05-11 17:48:56
DB,MCM,2022-05-11 17:48:57
DB,MCM,2022-05-11 17:48:58
DB,MCM,2022-05-11 17:48:59
DB,MCM,2022-05-11 17:49:00
DB,MCM,2022-05-11 17:49:01
DB,MCM,2022-05-11 17:49:02
DB,MCM,2022-05-11 17:49:03
DB,MCM,2022-05-11 17:49:04
DB,MCM,2022-05-11 17:49:05
DB,MCM,2022-05-11 17:49:06
DB,MCM,2022-05-11 17:49:07
DB,MCM,2022-05-11 17:49:08
DB,MCM,2022-05-11 17:49:09
DB,MCM,2022-05-11 17:49:10
DB,MCM,2022-05-11 17:49:11
DB,MCM,2022-05-11 17:49:12
DB,MCM,2022-05-11 17:49:13
DB,MCM,2022-05-11 17:49:14
DB,MCM,2022-05-11 17:49:15
DB,MCM,2022-05-11 17:49:16
DB,MCM,2022-05-11 17:49:17
DB,MCM,2022-05-11 17:49:18
DB,MCM,2022-05-11 17:49:19
DB,MCM,2022-05-11 17:49:20
DB,MCM,2022-05-11 17:49:21
DB,MCM,2022-05-11 17:49:22
DB,MCM,2022-05-11 17:49:23
DB,MCM,2022-05-11 17:49:24
DB,MCM,2022-05-11 17:49:25
DB,MCM,2022-05-11 17:49:26
DB,MCM,2022-05-11 17:49:27
DB,MCM,2022-05-11 17:49:28
DB,MCM,2022-05-11 17:49:29
DB,MCM,2022-05-11 17:49:30
DB,MCM,2022-05-11 17:49:31
DB,MCM,2022-05-11 17:49:32
DB,MCM,2022-05-11 17:49:33
DB,MCM,2022-05-11 17:49:34
DB,MCM,2022-05-11 17:49:35
DB,MCM,2022-05-11 17:49:36
DB,MCM,2022-05-11 17:49:37
DB,MCM,2022-05-11 17:49:38
DB,MCM,2022-05-11 17:49:39
DB,MCM,2022-05-11 17:49:40
DB,MCM,2022-05-11 17:49:41
DB,MCM,2022-05-11 17:49:42
DB,MCM,2022-05-11 17:49:43
DB,MCM,2022-05-11 17:49:44
DB,MCM,2022-05-11 17:49:45
DB,MCM,2022-05-11 17:51:34
DB,MCM,2022-05-11 17:51:35
DB,MCM,2022-05-11 17:51:36
DB,MCM,2022-05-11 17:51:37
DB,MCM,2022-05-11 17:51:38
DB,MCM,2022-05-11 17:51:39
DB,MCM,2022-05-11 17:51:40
DB,MCM,2022-05-11 17:51:41
DB,MCM,2022-05-11 17:51:42
DB,MCM,2022-05-11 17:51:43
DB,MCM,2022-05-11 17:51:44
DB,MCM,2022-05-11 17:51:45
DB,MCM,2022-05-11 17:51:46
DB,MCM,2022-05-11 17:51:47
DB,MCM,2022-05-11 17:53:20
DB,MCM,2022-05-11 17:53:21
DB,MCM,2022-05-11 17:53:22
DB,MCM,2022-05-11 17:53:23
DB,MCM,2022-05-11 17:53:24
DB,MCM,2022-05-11 17:53:25
DB,MCM,2022-05-11 17:53:26
DB,MCM,2022-05-11 17:53:27
DB,MCM,2022-05-11 17:53:28
DB,MCM,2022-05-11 17:53:29
DB,MCM,2022-05-11 17:53:30
DB,MCM,2022-05-11 17:53:31
DB,MCM,2022-05-11 17:53:32
DB,MCM,2022-05-11 17:53:33
DB,MCM,2022-05-11 17:53:34
DB,MCM,2022-05-11 17:53:35
DB,MCM,2022-05-11 17:53:36
DB,MCM,2022-05-11 17:53:37
DB,MCM,2022-05-11 17:53:38
DB,MCM,2022-05-11 17:53:39
DB,MCM,2022-05-11 17:53:40
DB,MCM,2022-05-11 17:53:41
DB,MCM,2022-05-11 17:53:42
DB,MCM,2022-05-11 17:53:43
DB,MCM,2022-05-11 17:53:44
DB,MCM,2022-05-11 17:53:45
DB,MCM,2022-05-11 17:53:46
DB,MCM,2022-05-11 17:53:47
DB,MCM,2022-05-11 17:53:48
DB,MCM,2022-05-11 17:53:49
DB,MCM,2022-05-11 17:53:50
DB,MCM,2022-05-11 17:53:51
DB,MCM,2022-05-11 17:53:52
DB,MZ,2022-05-11 17:59:16
DB,MZ,2022-05-11 17:59:51
DB,MZ,2022-05-11 17:59:52
DB,MZ,2022-05-11 17:59:53
LL,MCM,2022-05-11 17:47:05
LL,MCM,2022-05-11 17:47:06
LL,MCM,2022-05-11 17:47:07
LL,MCM,2022-05-11 17:47:08
LL,MCM,2022-05-11 17:47:09
LL,MCM,2022-05-11 17:47:10
LL,MCM,2022-05-11 17:47:11
LL,MCM,2022-05-11 17:47:12
LL,MCM,2022-05-11 17:55:33
LL,MCM,2022-05-11 17:55:34
LL,MCM,2022-05-11 17:55:35
LL,MCM,2022-05-11 17:55:36
LL,MCM,2022-05-11 17:55:37
LL,MCM,2022-05-11 17:55:38
LL,MCM,2022-05-11 17:55:39
LL,MCM,2022-05-11 17:55:40
LL,MCM,2022-05-11 17:55:41
LL,MCM,2022-05-11 17:55:42
LL,MCM,2022-05-11 17:55:43
LL,MCM,2022-05-11 17:55:44
LL,MCM,2022-05-11 17:55:45
LL,MCM,2022-05-11 17:55:46
LL,MCM,2022-05-11 17:55:47
LL,MCM,2022-05-11 17:55:48
LL,MCM,2022-05-11 17:55:49
LL,MCM,2022-05-11 17:55:50
LL,MCM,2022-05-11 17:55:51
LL,MCM,2022-05-11 17:55:52
LL,MCM,2022-05-11 17:55:53
LL,MCM,2022-05-11 17:55:54
LL,MCM,2022-05-11 17:55:55
LL,MCM,2022-05-11 17:55:56
LL,MCM,2022-05-11 17:55:57
LL,MCM,2022-05-11 17:55:58
LL,MCM,2022-05-11 17:55:59
LL,MCM,2022-05-11 17:56:00
LL,MCM,2022-05-11 17:56:01
LL,MCM,2022-05-11 17:56:02
LL,MCM,2022-05-11 17:56:03
LL,MCM,2022-05-11 17:56:04
LL,MCM,2022-05-11 17:56:05
LL,MCM,2022-05-11 17:56:06
LL,MCM,2022-05-11 17:56:07
LL,MCM,2022-05-11 17:57:02
LL,MCM,2022-05-11 17:57:03
LL,MCM,2022-05-11 17:57:04
LL,MCM,2022-05-11 17:57:05
LL,MCM,2022-05-11 17:57:06
LL,MCM,2022-05-11 17:58:23
LL,MCM,2022-05-11 17:58:24
LL,MCM,2022-05-11 17:58:25
LL,MCM,2022-05-11 17:58:26
LL,MCM,2022-05-11 17:58:27
LL,MCM,2022-05-11 17:58:28
LL,MCM,2022-05-11 17:58:29
LL,MCM,2022-05-11 17:58:30
LL,MCM,2022-05-11 17:58:31
LL,MCM,2022-05-11 17:58:32
LL,MCM,2022-05-11 17:58:33
LL,MCM,2022-05-11 17:58:34
LL,MCM,2022-05-11 17:58:35
LL,MCM,2022-05-11 17:58:36
LL,MCM,2022-05-11 17:58:37
LL,MCM,2022-05-11 17:58:38
LL,MCM,2022-05-11 17:58:39
LL,MCM,2022-05-11 17:58:40
LL,MCM,2022-05-11 17:58:41
LL,MCM,2022-05-11 17:58:42
LL,MCM,2022-05-11 17:58:43
LL,MCM,2022-05-11 17:58:44
LL,MCM,2022-05-11 17:58:45
LL,MCM,2022-05-11 17:58:46
LL,MCM,2022-05-11 17:58:47
LL,MCM,2022-05-11 17:58:48
LL,MCM,2022-05-11 17:58:49
LL,MCM,2022-05-11 17:58:50
LL,MCM,2022-05-11 17:58:51
LL,MCM,2022-05-11 17:58:52
LL,MCM,2022-05-11 17:58:53
LL,MCM,2022-05-11 17:58:54
LL,MCM,2022-05-11 17:58:55
LL,MCM,2022-05-11 17:58:56
LL,MCM,2022-05-11 17:58:57
LL,MCM,2022-05-11 17:58:58
LL,MCM,2022-05-11 17:58:59
LL,MCM,2022-05-11 17:59:00
LL,MCM,2022-05-11 17:59:01
LL,MCM,2022-05-11 17:59:02
LL,MCM,2022-05-11 17:59:03
LL,MCM,2022-05-11 17:59:04
LL,MCM,2022-05-11 17:59:05
LL,MCM,2022-05-11 17:59:06
LL,MCM,2022-05-11 17:59:07
LL,MGB,2022-05-11 17:57:44
LL,MGB,2022-05-11 17:57:44
LL,MGB,2022-05-11 17:57:45
LL,MGB,2022-05-11 17:57:45
LL,MGB,2022-05-11 17:57:46
LL,MGB,2022-05-11 17:57:46
LL,MGB,2022-05-11 17:57:47
LL,MGB,2022-05-11 17:57:47
LL,MGB,2022-05-11 17:57:48
LL,MGB,2022-05-11 17:57:48
LL,MGB,2022-05-11 17:57:49
LL,MGB,2022-05-11 17:57:49
LL,MGB,2022-05-11 17:57:50
LL,MGB,2022-05-11 17:57:50
LL,MGB,2022-05-11 17:57:51
LL,MGB,2022-05-11 17:57:51
LL,MGB,2022-05-11 17:57:52
LL,MGB,2022-05-11 17:57:52
LL,MGB,2022-05-11 17:57:53
LL,MGB,2022-05-11 17:57:53
LL,MGB,2022-05-11 17:57:54
LL,MGB,2022-05-11 17:57:54
LL,MGB,2022-05-11 17:57:55
LL,MGB,2022-05-11 17:57:55
LL,MGB,2022-05-11 17:57:56
LL,MGB,2022-05-11 17:57:56
LL,MGB,2022-05-11 17:57:57
LL,MGB,2022-05-11 17:57:57
LL,MGB,2022-05-11 17:57:58
LL,MGB,2022-05-11 17:57:58
LL,MGB,2022-05-11 17:57:59
LL,MGB,2022-05-11 17:57:59
LL,MGB,2022-05-11 17:58:00
LL,MGB,2022-05-11 17:58:00
LL,MGB,2022-05-11 17:58:01
LL,MGB,2022-05-11 17:58:01
LL,MGB,2022-05-11 17:58:02
LL,MGB,2022-05-11 17:58:02
LL,MGB,2022-05-11 17:58:03
LL,MGB,2022-05-11 17:58:03
LL,MGB,2022-05-11 17:58:04
LL,MGB,2022-05-11 17:58:04
LL,MGB,2022-05-11 17:58:05
LL,MGB,2022-05-11 17:58:05
LL,MGB,2022-05-11 17:58:06
LL,MGB,2022-05-11 17:58:06
LL,MGB,2022-05-11 17:58:07
LL,MGB,2022-05-11 17:58:07
LL,MGB,2022-05-11 17:58:08
LL,MGB,2022-05-11 17:58:08
LL,MGB,2022-05-11 17:58:09
LL,MGB,2022-05-11 17:58:09
LL,MGB,2022-05-11 17:58:10
LL,MGB,2022-05-11 17:58:10
LL,MGB,2022-05-11 17:58:11
LL,MGB,2022-05-11 17:58:11
LL,MGB,2022-05-11 17:58:12
LL,MGB,2022-05-11 17:58:12
LL,MGB,2022-05-11 17:58:13
LL,MGB,2022-05-11 17:58:13
LL,MGB,2022-05-11 17:58:14
LL,MGB,2022-05-11 17:58:14
LL,MGB,2022-05-11 17:58:15
LL,MGB,2022-05-11 17:58:15
LL,MGB,2022-05-11 17:58:16
LL,MGB,2022-05-11 17:58:16
LL,MGB,2022-05-11 17:58:17
LL,MGB,2022-05-11 17:58:17
LL,MGB,2022-05-11 17:58:18
LL,MGB,2022-05-11 17:58:18
LL,MGB,2022-05-11 17:58:19
LL,MGB,2022-05-11 17:58:19
LL,MGB,2022-05-11 17:58:20
LL,MGB,2022-05-11 17:58:20
LL,MGB,2022-05-11 17:58:21
LL,MGB,2022-05-11 17:58:21
LL,MGB,2022-05-11 17:58:22
LL,MGB,2022-05-11 17:58:22
LL,MGB,2022-05-11 17:58:23
LL,MGB,2022-05-11 17:58:23
LL,MGB,2022-05-11 17:58:24
LL,MGB,2022-05-11 17:58:24
LL,MGB,2022-05-11 17:58:25
LL,MGB,2022-05-11 17:58:25
LL,MGB,2022-05-11 17:58:26
LL,MGB,2022-05-11 17:58:26
LL,MGB,2022-05-11 17:58:27
LL,MGB,2022-05-11 17:58:27
LL,MGB,2022-05-11 17:58:28
LL,MGB,2022-05-11 17:58:28
LL,MGB,2022-05-11 17:58:29
LL,MGB,2022-05-11 17:58:29
LL,MGB,2022-05-11 17:58:30
LL,MGB,2022-05-11 17:58:30
LL,MGB,2022-05-11 17:58:31
LL,MGB,2022-05-11 17:58:31
LL,MGB,2022-05-11 17:58:32
LL,MGB,2022-05-11 17:58:32
LL,MGB,2022-05-11 17:58:33
LL,MGB,2022-05-11 17:58:33
LL,MGB,2022-05-11 17:58:34
LL,MGB,2022-05-11 17:58:34
LL,MGB,2022-05-11 17:58:35
LL,MGB,2022-05-11 17:58:35
LL,MGB,2022-05-11 17:58:36
LL,MGB,2022-05-11 17:58:36
LL,MGB,2022-05-11 17:58:37
LL,MGB,2022-05-11 17:58:37
LL,MGB,2022-05-11 17:58:38
LL,MGB,2022-05-11 17:58:38
LL,MGB,2022-05-11 17:58:39
LL,MGB,2022-05-11 17:58:39
LL,MGB,2022-05-11 17:58:40
LL,MGB,2022-05-11 17:58:40
LL,MGB,2022-05-11 17:58:41
LL,MGB,2022-05-11 17:58:41
LL,MGB,2022-05-11 17:58:42
LL,MGB,2022-05-11 17:58:42
LL,MGB,2022-05-11 17:58:43
LL,MGB,2022-05-11 17:58:43
LL,MGB,2022-05-11 17:58:44
LL,MGB,2022-05-11 17:58:44
LL,MGB,2022-05-11 17:58:45
LL,MGB,2022-05-11 17:58:45
LL,MGB,2022-05-11 17:58:46
LL,MGB,2022-05-11 17:58:46
LL,MGB,2022-05-11 17:58:47
LL,MGB,2022-05-11 17:58:47
LL,MGB,2022-05-11 17:58:48
LL,MGB,2022-05-11 17:58:48
LL,MGB,2022-05-11 17:58:49
LL,MGB,2022-05-11 17:58:49
LL,MGB,2022-05-11 17:58:50
LL,MGB,2022-05-11 17:58:50
LL,MGB,2022-05-11 17:58:51
LL,MGB,2022-05-11 17:58:51
LL,MGB,2022-05-11 17:58:52
LL,MGB,2022-05-11 17:58:52
LL,MGB,2022-05-11 17:58:53
LL,MGB,2022-05-11 17:58:53
LL,MGB,2022-05-11 17:58:54
LL,MGB,2022-05-11 17:58:54
LL,MGB,2022-05-11 17:58:55
LL,MGB,2022-05-11 17:58:55
LL,MGB,2022-05-11 17:58:56
LL,MGB,2022-05-11 17:58:56
LL,MGB,2022-05-11 17:58:57
LL,MGB,2022-05-11 17:58:57
LL,MGB,2022-05-11 17:58:58
LL,MGB,2022-05-11 17:58:58
LL,MGB,2022-05-11 17:58:59
LL,MGB,2022-05-11 17:58:59
LL,MGB,2022-05-11 17:59:00
LL,MGB,2022-05-11 17:59:00
LL,MGB,2022-05-11 17:59:01
LL,MGB,2022-05-11 17:59:01
LL,MGB,2022-05-11 17:59:02
LL,MGB,2022-05-11 17:59:02
LL,MGB,2022-05-11 17:59:03
LL,MGB,2022-05-11 17:59:03
LL,MGB,2022-05-11 17:59:04
LL,MGB,2022-05-11 17:59:04
LL,MGB,2022-05-11 17:59:05
LL,MGB,2022-05-11 17:59:05
LL,MGB,2022-05-11 17:59:06
LL,MGB,2022-05-11 17:59:06
LL,MGB,2022-05-11 17:59:07
LL,MGB,2022-05-11 17:59:07
LL,MGB,2022-05-11 17:59:08
LL,MGB,2022-05-11 17:59:08
LL,MGB,2022-05-11 17:59:09
LL,MGB,2022-05-11 17:59:09
LL,MGB,2022-05-11 17:59:10
LL,MGB,2022-05-11 17:59:10
LL,MGB,2022-05-11 17:59:11
LL,MGB,2022-05-11 17:59:11
LL,MGB,2022-05-11 17:59:12
LL,MGB,2022-05-11 17:59:12
LL,MGB,2022-05-11 17:59:13
LL,MGB,2022-05-11 17:59:13
LL,MGB,2022-05-11 17:59:14
LL,MGB,2022-05-11 17:59:14
LL,MGB,2022-05-11 17:59:15
LL,MGB,2022-05-11 17:59:15
LL,MGB,2022-05-11 17:59:16
LL,MGB,2022-05-11 17:59:16
LL,MGB,2022-05-11 17:59:17
LL,MGB,2022-05-11 17:59:17
LL,MGB,2022-05-11 17:59:18
LL,MGB,2022-05-11 17:59:18
LL,MGB,2022-05-11 17:59:19
LL,MGB,2022-05-11 17:59:19
LL,MGB,2022-05-11 17:59:20
LL,MGB,2022-05-11 17:59:20
LL,MGB,2022-05-11 17:59:21
LL,MGB,2022-05-11 17:59:21
LL,MGB,2022-05-11 17:59:22
LL,MGB,2022-05-11 17:59:22
LL,MGB,2022-05-11 17:59:23
LL,MGB,2022-05-11 17:59:23
LL,MGB,2022-05-11 17:59:24
LL,MGB,2022-05-11 17:59:24
LL,MGB,2022-05-11 17:59:25
LL,MGB,2022-05-11 17:59:25
LL,MGB,2022-05-11 17:59:26
LL,MGB,2022-05-11 17:59:26
LL,MGB,2022-05-11 17:59:27
LL,MGB,2022-05-11 17:59:27
LL,MGB,2022-05-11 17:59:28
LL,MGB,2022-05-11 17:59:28
LL,MGB,2022-05-11 17:59:29
LL,MGB,2022-05-11 17:59:29
LL,MGB,2022-05-11 17:59:30
LL,MGB,2022-05-11 17:59:30
LL,MGB,2022-05-11 17:59:31
LL,MGB,2022-05-11 17:59:31
LL,MGB,2022-05-11 17:59:32
LL,MGB,2022-05-11 17:59:32
LL,MGB,2022-05-11 17:59:33
LL,MGB,2022-05-11 17:59:33
LL,MGB,2022-05-11 17:59:34
LL,MGB,2022-05-11 17:59:34
LL,MGB,2022-05-11 17:59:35
LL,MGB,2022-05-11 17:59:35
LL,MGB,2022-05-11 17:59:36
LL,MGB,2022-05-11 17:59:36
LL,MGB,2022-05-11 17:59:37
LL,MGB,2022-05-11 17:59:37
LL,MGB,2022-05-11 17:59:38
LL,MGB,2022-05-11 17:59:38
LL,MGB,2022-05-11 17:59:39
LL,MGB,2022-05-11 17:59:39
LL,MGB,2022-05-11 17:59:40
LL,MGB,2022-05-11 17:59:40
LL,MGB,2022-05-11 17:59:41
LL,MGB,2022-05-11 17:59:41
LL,MGB,2022-05-11 17:59:42
LL,MGB,2022-05-11 17:59:42
LL,MGB,2022-05-11 17:59:43
LL,MGB,2022-05-11 17:59:43
LL,MGB,2022-05-11 17:59:44
LL,MGB,2022-05-11 17:59:44
LL,MGB,2022-05-11 17:59:45
LL,MGB,2022-05-11 17:59:45
LL,MGB,2022-05-11 17:59:46
LL,MGB,2022-05-11 17:59:46
LL,MGB,2022-05-11 17:59:47
LL,MGB,2022-05-11 17:59:47
LL,MGB,2022-05-11 17:59:48
LL,MGB,2022-05-11 17:59:48
LL,MGB,2022-05-11 17:59:49
LL,MGB,2022-05-11 17:59:49
LL,MGB,2022-05-11 17:59:50
LL,MGB,2022-05-11 17:59:50
LL,MGB,2022-05-11 17:59:51
LL,MGB,2022-05-11 17:59:51
LL,MGB,2022-05-11 17:59:52
LL,MGB,2022-05-11 17:59:52
LL,MGB,2022-05-11 17:59:53
LL,MGB,2022-05-11 17:59:53
LL,MGB,2022-05-11 17:59:54
LL,MGB,2022-05-11 17:59:54
LL,MGB,2022-05-11 17:59:55
LL,MGB,2022-05-11 17:59:55
LL,MGB,2022-05-11 17:59:56
LL,MGB,2022-05-11 17:59:56
LL,MGB,2022-05-11 17:59:57
LL,MGB,2022-05-11 17:59:57
LL,MGB,2022-05-11 17:59:58
LL,MGB,2022-05-11 17:59:58
LL,MGB,2022-05-11 17:59:59
LL,MGB,2022-05-11 17:59:59
LL,MGB,2022-05-11 18:00:00
LL,MGB,2022-05-11 18:00:00
LL,MGB,2022-05-11 18:00:01
LL,MGB,2022-05-11 18:00:01
LL,MGB,2022-05-11 18:00:02
LL,MGB,2022-05-11 18:00:02
LL,MGB,2022-05-11 18:00:03
LL,MGB,2022-05-11 18:00:03
LL,MGB,2022-05-11 18:00:04
LL,MGB,2022-05-11 18:00:04
LL,MGB,2022-05-11 18:00:05
LL,MGB,2022-05-11 18:00:05
LL,MGB,2022-05-11 18:00:27
LL,MGB,2022-05-11 18:00:27
LL,MGB,2022-05-11 18:00:28
LL,MGB,2022-05-11 18:00:28
LL,MGB,2022-05-11 18:00:29
LL,MGB,2022-05-11 18:00:29
LL,MGB,2022-05-11 18:00:30
LL,MGB,2022-05-11 18:00:30
LL,MGB,2022-05-11 18:00:31
LL,MGB,2022-05-11 18:00:31
LL,MGB,2022-05-11 18:00:32
LL,MGB,2022-05-11 18:00:32
LL,MGB,2022-05-11 18:00:33
LL,MGB,2022-05-11 18:00:33
LL,MGB,2022-05-11 18:00:34
LL,MGB,2022-05-11 18:00:34
LL,MGB,2022-05-11 18:00:35
LL,MGB,2022-05-11 18:00:35
LL,MGB,2022-05-11 18:00:36
LL,MGB,2022-05-11 18:00:36
LL,MGB,2022-05-11 18:00:37
LL,MGB,2022-05-11 18:00:37
LL,MGB,2022-05-11 18:00:38
LL,MGB,2022-05-11 18:00:38
LL,MGB,2022-05-11 18:00:39
LL,MGB,2022-05-11 18:00:39
LL,MGB,2022-05-11 18:00:40
LL,MGB,2022-05-11 18:00:40
LL,MGB,2022-05-11 18:00:41
LL,MGB,2022-05-11 18:00:41
LL,MGB,2022-05-11 18:00:42
LL,MGB,2022-05-11 18:00:42
LL,MGB,2022-05-11 18:00:43
LL,MGB,2022-05-11 18:00:43
LL,MGB,2022-05-11 18:10:33
LL,MGB,2022-05-11 18:10:33
LL,MGB,2022-05-11 18:10:34
LL,MGB,2022-05-11 18:10:34
LL,MGB,2022-05-11 18:10:35
LL,MGB,2022-05-11 18:10:35
LL,MGB,2022-05-11 18:10:36
LL,MGB,2022-05-11 18:10:36
LL,MGB,2022-05-11 18:10:37
LL,MGB,2022-05-11 18:10:37
LL,MGB,2022-05-11 18:10:38
LL,MGB,2022-05-11 18:10:38
LL,MGB,2022-05-11 18:10:39
LL,MGB,2022-05-11 18:10:39
LL,MGB,2022-05-11 18:10:40
LL,MGB,2022-05-11 18:10:40
LL,MGB,2022-05-11 18:10:41
LL,MGB,2022-05-11 18:10:41
LL,MGB,2022-05-11 18:10:42
LL,MGB,2022-05-11 18:10:42
LL,MGB,2022-05-11 18:10:43
LL,MGB,2022-05-11 18:10:43
LL,MGB,2022-05-11 18:10:44
LL,MGB,2022-05-11 18:10:44
LL,MGB,2022-05-11 18:10:45
LL,MGB,2022-05-11 18:10:45
LL,MGB,2022-05-11 18:10:46
LL,MGB,2022-05-11 18:10:46
LL,MGB,2022-05-11 18:10:47
LL,MGB,2022-05-11 18:10:47
LL,MGB,2022-05-11 18:10:48
LL,MGB,2022-05-11 18:10:48
LL,MGB,2022-05-11 18:10:49
LL,MGB,2022-05-11 18:10:49
LL,MGB,2022-05-11 18:10:50
LL,MGB,2022-05-11 18:10:50
LL,MGB,2022-05-11 18:10:51
LL,MGB,2022-05-11 18:10:51
LL,MGB,2022-05-11 18:10:52
LL,MGB,2022-05-11 18:10:52
LL,MGB,2022-05-11 18:10:53
LL,MGB,2022-05-11 18:10:53
LL,MGB,2022-05-11 18:10:54
LL,MGB,2022-05-11 18:10:54
LL,MTP,2022-05-11 18:13:11
LL,MTP,2022-05-11 18:13:12
LL,MTP,2022-05-11 18:13:13
LL,MTP,2022-05-11 18:16:25
LL,MTP,2022-05-11 18:16:26
LL,MTP,2022-05-11 18:16:27
LL,MTP,2022-05-11 18:16:28
LL,MTP,2022-05-11 18:16:29
LL,MTP,2022-05-11 18:16:30
LL,MTP,2022-05-11 18:16:31
LL,MTP,2022-05-11 18:16:32
LL,MTP,2022-05-11 18:16:33
LL,MTP,2022-05-11 18:16:34
LL,MTP,2022-05-11 18:16:35
LL,MTP,2022-05-11 18:16:36
LL,MTP,2022-05-11 18:16:37
LL,MTP,2022-05-11 18:16:38
LL,MTP,2022-05-11 18:16:39
LL,MTP,2022-05-11 18:16:40
LL,MTP,2022-05-11 18:16:41
LL,MTP,2022-05-11 18:16:42
LL,MTP,2022-05-11 18:16:43
LL,MTP,2022-05-11 18:16:44
LL,MTP,2022-05-11 18:16:45
LL,MTP,2022-05-11 18:16:46
LL,MTP,2022-05-11 18:16:47
LL,MTP,2022-05-11 18:16:48
LL,MTP,2022-05-11 18:16:49
LL,MTP,2022-05-11 18:16:50
LL,MTP,2022-05-11 18:16:51
LL,MTP,2022-05-11 18:16:52
LL,MTP,2022-05-11 18:16:53
LL,MTP,2022-05-11 18:16:54
LL,MTP,2022-05-11 18:16:55
LL,MTP,2022-05-11 18:16:56
LL,MTP,2022-05-11 18:16:57
LL,MTP,2022-05-11 18:16:58
LL,MTP,2022-05-11 18:16:59
LL,MTP,2022-05-11 18:17:00
LL,MTP,2022-05-11 18:17:01
LL,MTP,2022-05-11 18:17:02
LL,MTP,2022-05-11 18:17:03
LL,MTP,2022-05-11 18:17:04
LL,MTP,2022-05-11 18:17:05
LL,MTP,2022-05-11 18:17:06
LL,MTP,2022-05-11 18:17:07
LL,MTP,2022-05-11 18:17:08
LL,MTP,2022-05-11 18:17:09
LL,MTP,2022-05-11 18:17:10
LL,MTP,2022-05-11 18:17:11
LL,MTP,2022-05-11 18:17:12
LL,MTP,2022-05-11 18:17:13
LL,MTP,2022-05-11 18:17:14
LL,MTP,2022-05-11 18:17:15
MCM,MGB,2022-05-11 17:58:09
MCM,MGB,2022-05-11 17:58:09
MCM,MGB,2022-05-11 17:58:10
MCM,MGB,2022-05-11 17:58:10
MCM,MGB,2022-05-11 17:58:11
MCM,MGB,2022-05-11 17:58:11
MCM,MGB,2022-05-11 17:58:12
MCM,MGB,2022-05-11 17:58:12
MCM,MGB,2022-05-11 17:58:13
MCM,MGB,2022-05-11 17:58:13
MCM,MGB,2022-05-11 17:58:14
MCM,MGB,2022-05-11 17:58:14
MCM,MGB,2022-05-11 17:58:15
MCM,MGB,2022-05-11 17:58:15
MCM,MGB,2022-05-11 17:58:16
MCM,MGB,2022-05-11 17:58:16
MCM,MGB,2022-05-11 17:58:17
MCM,MGB,2022-05-11 17:58:17
MCM,MGB,2022-05-11 17:58:18
MCM,MGB,2022-05-11 17:58:18
MCM,MGB,2022-05-11 17:58:19
MCM,MGB,2022-05-11 17:58:19
MCM,MGB,2022-05-11 17:58:20
MCM,MGB,2022-05-11 17:58:20
MCM,MGB,2022-05-11 17:58:21
MCM,MGB,2022-05-11 17:58:21
MCM,MGB,2022-05-11 17:58:22
MCM,MGB,2022-05-11 17:58:22
MCM,MGB,2022-05-11 17:58:23
MCM,MGB,2022-05-11 17:58:23
MCM,MGB,2022-05-11 17:58:24
MCM,MGB,2022-05-11 17:58:24
MCM,MGB,2022-05-11 17:58:25
MCM,MGB,2022-05-11 17:58:25
MCM,MGB,2022-05-11 17:58:26
MCM,MGB,2022-05-11 17:58:26
MCM,MGB,2022-05-11 17:58:27
MCM,MGB,2022-05-11 17:58:27
MCM,MGB,2022-05-11 17:58:28
MCM,MGB,2022-05-11 17:58:28
MCM,MGB,2022-05-11 17:58:29
MCM,MGB,2022-05-11 17:58:29
MCM,MGB,2022-05-11 17:58:30
MCM,MGB,2022-05-11 17:58:30
MCM,MGB,2022-05-11 17:58:31
MCM,MGB,2022-05-11 17:58:31
MCM,MGB,2022-05-11 17:58:32
MCM,MGB,2022-05-11 17:58:32
MCM,MGB,2022-05-11 17:58:33
MCM,MGB,2022-05-11 17:58:33
MCM,MGB,2022-05-11 17:58:34
MCM,MGB,2022-05-11 17:58:34
MCM,MGB,2022-05-11 17:58:35
MCM,MGB,2022-05-11 17:58:35
MCM,MGB,2022-05-11 17:58:36
MCM,MGB,2022-05-11 17:58:36
MCM,MGB,2022-05-11 17:58:37
MCM,MGB,2022-05-11 17:58:37
MCM,MGB,2022-05-11 17:58:38
MCM,MGB,2022-05-11 17:58:38
MCM,MGB,2022-05-11 17:58:39
MCM,MGB,2022-05-11 17:58:39
MCM,MGB,2022-05-11 17:58:40
MCM,MGB,2022-05-11 17:58:40
MCM,MGB,2022-05-11 17:58:41
MCM,MGB,2022-05-11 17:58:41
MCM,MGB,2022-05-11 17:58:42
MCM,MGB,2022-05-11 17:58:42
MCM,MGB,2022-05-11 17:58:43
MCM,MGB,2022-05-11 17:58:43
MCM,MGB,2022-05-11 17:58:44
MCM,MGB,2022-05-11 17:58:44
MCM,MGB,2022-05-11 17:58:45
MCM,MGB,2022-05-11 17:58:45
MCM,MGB,2022-05-11 17:58:46
MCM,MGB,2022-05-11 17:58:46
MCM,MGB,2022-05-11 17:58:47
MCM,MGB,2022-05-11 17:58:47
MCM,MGB,2022-05-11 17:58:48
MCM,MGB,2022-05-11 17:58:48
MCM,MGB,2022-05-11 17:58:49
MCM,MGB,2022-05-11 17:58:49
MCM,MGB,2022-05-11 17:58:50
MCM,MGB,2022-05-11 17:58:50
MCM,MGB,2022-05-11 17:58:51
MCM,MGB,2022-05-11 17:58:51
MCM,MGB,2022-05-11 17:58:52
MCM,MGB,2022-05-11 17:58:52
MCM,MGB,2022-05-11 17:58:53
MCM,MGB,2022-05-11 17:58:53
MCM,MGB,2022-05-11 17:58:54
MCM,MGB,2022-05-11 17:58:54
MCM,MGB,2022-05-11 17:58:55
MCM,MGB,2022-05-11 17:58:55
MCM,MGB,2022-05-11 17:58:56
MCM,MGB,2022-05-11 17:58:56
MCM,MGB,2022-05-11 17:58:57
MCM,MGB,2022-05-11 17:58:57
MCM,MGB,2022-05-11 17:58:58
MCM,MGB,2022-05-11 17:58:58
MCM,MGB,2022-05-11 17:58:59
MCM,MGB,2022-05-11 17:58:59
MCM,MGB,2022-05-11 17:59:00
MCM,MGB,2022-05-11 17:59:00
MCM,MGB,2022-05-11 17:59:01
MCM,MGB,2022-05-11 17:59:01
MCM,MGB,2022-05-11 17:59:02
MCM,MGB,2022-05-11 17:59:02
MCM,MGB,2022-05-11 17:59:03
MCM,MGB,2022-05-11 17:59:03
MCM,MGB,2022-05-11 17:59:04
MCM,MGB,2022-05-11 17:59:04
MCM,MGB,2022-05-11 17:59:05
MCM,MGB,2022-05-11 17:59:05
MCM,MGB,2022-05-11 17:59:06
MCM,MGB,2022-05-11 17:59:06
MCM,MGB,2022-05-11 17:59:07
MCM,MGB,2022-05-11 17:59:07
MCM,MGB,2022-05-11 17:59:08
MCM,MGB,2022-05-11 17:59:08
MCM,MGB,2022-05-11 17:59:09
MCM,MGB,2022-05-11 17:59:09
MCM,MGB,2022-05-11 17:59:10
MCM,MGB,2022-05-11 17:59:10
MCM,MGB,2022-05-11 17:59:11
MCM,MGB,2022-05-11 17:59:11
MCM,MGB,2022-05-11 17:59:12
MCM,MGB,2022-05-11 17:59:12
MCM,MGB,2022-05-11 17:59:13
MCM,MGB,2022-05-11 17:59:13
MCM,MGB,2022-05-11 17:59:14
MCM,MGB,2022-05-11 17:59:14
MCM,MGB,2022-05-11 17:59:15
MCM,MGB,2022-05-11 17:59:15
MCM,MGB,2022-05-11 17:59:16
MCM,MGB,2022-05-11 17:59:16
MCM,MGB,2022-05-11 17:59:17
MCM,MGB,2022-05-11 17:59:17
MCM,MTP,2022-05-11 18:02:55
MCM,MTP,2022-05-11 18:02:56
MCM,MTP,2022-05-11 18:02:57
MCM,MTP,2022-05-11 18:02:58
MCM,MTP,2022-05-11 18:02:59
MCM,MTP,2022-05-11 18:03:00
MCM,MTP,2022-05-11 18:03:01
MCM,MTP,2022-05-11 18:03:02
MCM,MTP,2022-05-11 18:03:03
MCM,MTP,2022-05-11 18:03:04
MCM,MTP,2022-05-11 18:03:05
MCM,MTP,2022-05-11 18:03:06
MCM,MTP,2022-05-11 18:03:07
MCM,MTP,2022-05-11 18:03:08
MCM,MTP,2022-05-11 18:03:09
MCM,MTP,2022-05-11 18:03:10
MCM,MTP,2022-05-11 18:03:11
MCM,MTP,2022-05-11 18:03:12
MCM,MTP,2022-05-11 18:03:13
MCM,MTP,2022-05-11 18:03:14
MCM,MTP,2022-05-11 18:03:15
MCM,MTP,2022-05-11 18:03:16
MCM,MTP,2022-05-11 18:03:17
MCM,MTP,2022-05-11 18:03:18
MCM,MTP,2022-05-11 18:03:19
MCM,MTP,2022-05-11 18:12:39
MCM,MTP,2022-05-11 18:12:40
MCM,MTP,2022-05-11 18:12:41
MCM,MTP,2022-05-11 18:17:07
MCM,MTP,2022-05-11 18:17:08
MCM,MTP,2022-05-11 18:17:09
MCM,MTP,2022-05-11 18:17:10
MCM,MTP,2022-05-11 18:17:11
MCM,MTP,2022-05-11 18:17:12
MCM,MTP,2022-05-11 18:17:13
MCM,MTP,2022-05-11 18:17:14
MCM,MTP,2022-05-11 18:17:15
MCM,MTP,2022-05-11 18:17:16
MCM,MTP,2022-05-11 18:17:17
MCM,MTP,2022-05-11 18:17:18
MCM,MTP,2022-05-11 18:17:19
MCM,MTP,2022-05-11 18:17:20
MCM,MTP,2022-05-11 18:17:21
MCM,MTP,2022-05-11 18:17:22
MCM,MTP,2022-05-11 18:17:23
MCM,MTP,2022-05-11 18:17:24
MCM,MTP,2022-05-11 18:17:25
MCM,MTP,2022-05-11 18:17:26
MCM,MTP,2022-05-11 18:17:27
MCM,MTP,2022-05-11 18:17:28
MCM,MTP,2022-05-11 18:17:29
MCM,MTP,2022-05-11 18:17:30
MCM,MTP,2022-05-11 18:17:31
MCM,MTP,2022-05-11 18:17:32
MCM,MTP,2022-05-11 18:17:33
MCM,MTP,2022-05-11 18:17:34
MCM,MTP,2022-05-11 18:17:35
MCM,MTP,2022-05-11 18:17:36
MCM,MTP,2022-05-11 18:17:37
MCM,MTP,2022-05-11 18:17:38
MCM,MTP,2022-05-11 18:17:39
MCM,MTP,2022-05-11 18:17:40
MCM,MTP,2022-05-11 18:17:41
MCM,MTP,2022-05-11 18:17:42
MCM,MTP,2022-05-11 18:17:43
MCM,MTP,2022-05-11 18:17:44
MCM,MTP,2022-05-11 18:17:45
MCM,MTP,2022-05-11 18:17:46
MCM,MTP,2022-05-11 18:17:47
MCM,MTP,2022-05-11 18:17:48
MCM,MTP,2022-05-11 18:17:49
MCM,MTP,2022-05-11 18:17:50
MCM,MTP,2022-05-11 18:17:51
MCM,MTP,2022-05-11 18:17:52
MCM,MTP,2022-05-11 18:17:53
MCM,MTP,2022-05-11 18:17:54
MCM,MTP,2022-05-11 18:17:55
MCM,MTP,2022-05-11 18:17:56
MCM,MTP,2022-05-11 18:17:57
MCM,MTP,2022-05-11 18:17:58
MCM,MTP,2022-05-11 18:17:59
MCM,MTP,2022-05-11 18:18:00
MCM,MTP,2022-05-11 18:18:01
MCM,MTP,2022-05-11 18:18:02
MCM,MTP,2022-05-11 18:18:03
MCM,MTP,2022-05-11 18:18:04
MCM,MTP,2022-05-11 18:18:05
MCM,MTP,2022-05-11 18:18:06
MCM,MTP,2022-05-11 18:18:07
MCM,MTP,2022-05-11 18:18:08
MCM,MTP,2022-05-11 18:18:09
MCM,MTP,2022-05-11 18:18:10
MCM,MTP,2022-05-11 18:18:11
MCM,MTP,2022-05-11 18:18:12
MCM,MTP,2022-05-11 18:18:13
MCM,MTP,2022-05-11 18:18:14
MCM,MTP,2022-05-11 18:18:15
MCM,MTP,2022-05-11 18:18:16
MCM,MTP,2022-05-11 18:18:17
MCM,MTP,2022-05-11 18:18:18
MCM,MTP,2022-05-11 18:18:19
MCM,MTP,2022-05-11 18:18:20
MCM,MTP,2022-05-11 18:18:21
MCM,MTP,2022-05-11 18:18:22
MCM,MTP,2022-05-11 18:18:23
MCM,MTP,2022-05-11 18:18:24
MCM,MTP,2022-05-11 18:18:25
MCM,MTP,2022-05-11 18:18:26
MCM,MTP,2022-05-11 18:18:27
MCM,MTP,2022-05-11 18:18:28
MCM,MTP,2022-05-11 18:18:29
MCM,MTP,2022-05-11 18:18:30
MCM,MTP,2022-05-11 18:18:31
MCM,MTP,2022-05-11 18:18:32
MCM,MTP,2022-05-11 18:18:33
MCM,MTP,2022-05-11 18:18:34
MCM,MTP,2022-05-11 18:18:35
MCM,MTP,2022-05-11 18:18:41
MCM,MTP,2022-05-11 18:18:42
MCM,MTP,2022-05-11 18:18:43
MCM,MTP,2022-05-11 18:18:44
MCM,MTP,2022-05-11 18:18:45
MCM,MTP,2022-05-11 18:18:46
MCM,MTP,2022-05-11 18:18:47
MCM,MTP,2022-05-11 18:18:49
MCM,MTP,2022-05-11 18:18:50
MCM,MTP,2022-05-11 18:18:51
MCM,MTP,2022-05-11 18:18:52
MCM,MTP,2022-05-11 18:18:53
MCM,MTP,2022-05-11 18:18:54
MCM,MTP,2022-05-11 18:18:55
MCM,MTP,2022-05-11 18:18:56
MCM,MTP,2022-05-11 18:18:57
MCM,MTP,2022-05-11 18:18:58
MCM,MTP,2022-05-11 18:18:59
MCM,MTP,2022-05-11 18:19:00
MCM,MTP,2022-05-11 18:19:01
MGB,MTP,2022-05-11 17:54:45
MGB,MTP,2022-05-11 17:54:45
MGB,MTP,2022-05-11 17:54:46
MGB,MTP,2022-05-11 17:54:46
MGB,MTP,2022-05-11 17:54:47
MGB,MTP,2022-05-11 17:54:47
MGB,MTP,2022-05-11 17:54:48
MGB,MTP,2022-05-11 17:54:48
MGB,MTP,2022-05-11 17:54:49
MGB,MTP,2022-05-11 17:54:49
MGB,MTP,2022-05-11 17:54:50
MGB,MTP,2022-05-11 17:54:50
MGB,MTP,2022-05-11 17:54:51
MGB,MTP,2022-05-11 17:54:51
MGB,MTP,2022-05-11 17:54:52
MGB,MTP,2022-05-11 17:54:52
MGB,MTP,2022-05-11 17:54:53
MGB,MTP,2022-05-11 17:54:53
MGB,MTP,2022-05-11 17:54:54
MGB,MTP,2022-05-11 17:54:54
MGB,MTP,2022-05-11 17:54:55
MGB,MTP,2022-05-11 17:54:55
MGB,MTP,2022-05-11 17:54:56
MGB,MTP,2022-05-11 17:54:56
MGB,MTP,2022-05-11 17:54:57
MGB,MTP,2022-05-11 17:54:57
MGB,MTP,2022-05-11 17:54:58
MGB,MTP,2022-05-11 17:54:58
MGB,MTP,2022-05-11 17:54:59
MGB,MTP,2022-05-11 17:54:59
MGB,MTP,2022-05-11 17:55:00
MGB,MTP,2022-05-11 17:55:00
MGB,MTP,2022-05-11 17:55:01
MGB,MTP,2022-05-11 17:55:01
MGB,MTP,2022-05-11 17:55:02
MGB,MTP,2022-05-11 17:55:02
MGB,MTP,2022-05-11 17:55:03
MGB,MTP,2022-05-11 17:55:03
MGB,MTP,2022-05-11 17:55:04
MGB,MTP,2022-05-11 17:55:04
MGB,MTP,2022-05-11 17:55:05
MGB,MTP,2022-05-11 17:55:05
MGB,MTP,2022-05-11 17:55:06
MGB,MTP,2022-05-11 17:55:06
MGB,MTP,2022-05-11 17:55:07
MGB,MTP,2022-05-11 17:55:07
MGB,MTP,2022-05-11 17:55:08
MGB,MTP,2022-05-11 17:55:08
MGB,MTP,2022-05-11 17:55:09
MGB,MTP,2022-05-11 17:55:09
MGB,MTP,2022-05-11 17:55:10
MGB,MTP,2022-05-11 17:55:10
MGB,MTP,2022-05-11 17:55:11
MGB,MTP,2022-05-11 17:55:11
MGB,MTP,2022-05-11 17:55:12
MGB,MTP,2022-05-11 17:55:12
MGB,MTP,2022-05-11 17:55:13
MGB,MTP,2022-05-11 17:55:13
MGB,MTP,2022-05-11 17:55:14
MGB,MTP,2022-05-11 17:55:14
MGB,MTP,2022-05-11 17:55:15
MGB,MTP,2022-05-11 17:55:15
MGB,MTP,2022-05-11 17:55:16
MGB,MTP,2022-05-11 17:55:16
MGB,MTP,2022-05-11 17:55:17
MGB,MTP,2022-05-11 17:55:17
MGB,MTP,2022-05-11 17:55:18
MGB,MTP,2022-05-11 17:55:18
MGB,MTP,2022-05-11 17:55:19
MGB,MTP,2022-05-11 17:55:19
MGB,MTP,2022-05-11 17:55:20
MGB,MTP,2022-05-11 17:55:20
MGB,MTP,2022-05-11 17:55:21
MGB,MTP,2022-05-11 17:55:21
MGB,MTP,2022-05-11 17:55:22
MGB,MTP,2022-05-11 17:55:22
MGB,MTP,2022-05-11 17:55:23
MGB,MTP,2022-05-11 17:55:23
MGB,MTP,2022-05-11 17:55:24
MGB,MTP,2022-05-11 17:55:24
MGB,MTP,2022-05-11 17:55:25
MGB,MTP,2022-05-11 17:55:25
MGB,MTP,2022-05-11 17:55:26
MGB,MTP,2022-05-11 17:55:26
MGB,MTP,2022-05-11 17:55:27
MGB,MTP,2022-05-11 17:55:27
MGB,MTP,2022-05-11 17:55:28
MGB,MTP,2022-05-11 17:55:28
MGB,MTP,2022-05-11 17:55:29
MGB,MTP,2022-05-11 17:55:29
MGB,MTP,2022-05-11 17:55:30
MGB,MTP,2022-05-11 17:55:30
MGB,MTP,2022-05-11 17:55:31
MGB,MTP,2022-05-11 17:55:31
MGB,MTP,2022-05-11 17:55:32
MGB,MTP,2022-05-11 17:55:32
MGB,MTP,2022-05-11 17:55:33
MGB,MTP,2022-05-11 17:55:33
MGB,MTP,2022-05-11 17:55:34
MGB,MTP,2022-05-11 17:55:34
MGB,MTP,2022-05-11 17:55:35
MGB,MTP,2022-05-11 17:55:35
MGB,MTP,2022-05-11 17:55:36
MGB,MTP,2022-05-11 17:55:36
MGB,MTP,2022-05-11 17:55:37
MGB,MTP,2022-05-11 17:55:37
MGB,MTP,2022-05-11 17:55:38
MGB,MTP,2022-05-11 17:55:38
MGB,MTP,2022-05-11 17:55:39
MGB,MTP,2022-05-11 17:55:39
MGB,MTP,2022-05-11 17:55:40
MGB,MTP,2022-05-11 17:55:40
MGB,MTP,2022-05-11 17:55:41
MGB,MTP,2022-05-11 17:55:41
MGB,MTP,2022-05-11 17:55:42
MGB,MTP,2022-05-11 17:55:42
MGB,MTP,2022-05-11 17:55:43
MGB,MTP,2022-05-11 17:55:43
MGB,MTP,2022-05-11 17:55:44
MGB,MTP,2022-05-11 17:55:44
MGB,MTP,2022-05-11 17:55:45
MGB,MTP,2022-05-11 17:55:45
MGB,MTP,2022-05-11 17:55:46
MGB,MTP,2022-05-11 17:55:46
MGB,MTP,2022-05-11 17:55:47
MGB,MTP,2022-05-11 17:55:47
MGB,MTP,2022-05-11 17:55:48
MGB,MTP,2022-05-11 17:55:48
MGB,MTP,2022-05-11 17:55:49
MGB,MTP,2022-05-11 17:55:49
MGB,MTP,2022-05-11 17:55:50
MGB,MTP,2022-05-11 17:55:50
MGB,MTP,2022-05-11 17:55:51
MGB,MTP,2022-05-11 17:55:51
MGB,MTP,2022-05-11 17:55:52
MGB,MTP,2022-05-11 17:55:52
MGB,MTP,2022-05-11 17:55:53
MGB,MTP,2022-05-11 17:55:53
MGB,MTP,2022-05-11 17:55:54
MGB,MTP,2022-05-11 17:55:54
MGB,MTP,2022-05-11 17:55:55
MGB,MTP,2022-05-11 17:55:55
MGB,MTP,2022-05-11 17:55:56
MGB,MTP,2022-05-11 17:55:56
MGB,MTP,2022-05-11 17:55:57
MGB,MTP,2022-05-11 17:55:57
MGB,MTP,2022-05-11 17:55:58
MGB,MTP,2022-05-11 17:55:58
MGB,MTP,2022-05-11 17:55:59
MGB,MTP,2022-05-11 17:55:59
MGB,MTP,2022-05-11 17:56:00
MGB,MTP,2022-05-11 17:56:00
MGB,MTP,2022-05-11 17:56:01
MGB,MTP,2022-05-11 17:56:01
MGB,MTP,2022-05-11 17:56:02
MGB,MTP,2022-05-11 17:56:02
MGB,MTP,2022-05-11 18:12:20
MGB,MTP,2022-05-11 18:12:20
MGB,MTP,2022-05-11 18:12:21
MGB,MTP,2022-05-11 18:12:21
MGB,MTP,2022-05-11 18:12:22
MGB,MTP,2022-05-11 18:12:22
MGB,MTP,2022-05-11 18:12:23
MGB,MTP,2022-05-11 18:12:23
MGB,MTP,2022-05-11 18:12:24
MGB,MTP,2022-05-11 18:12:24
MGB,MTP,2022-05-11 18:12:25
MGB,MTP,2022-05-11 18:12:25
MGB,MTP,2022-05-11 18:12:26
MGB,MTP,2022-05-11 18:12:26
MGB,MTP,2022-05-11 18:12:27
MGB,MTP,2022-05-11 18:12:27
MGB,MTP,2022-05-11 18:12:28
MGB,MTP,2022-05-11 18:12:28
MGB,MTP,2022-05-11 18:12:29
MGB,MTP,2022-05-11 18:12:29
MGB,MTP,2022-05-11 18:12:30
MGB,MTP,2022-05-11 18:12:30
MGB,MTP,2022-05-11 18:12:31
MGB,MTP,2022-05-11 18:12:31
MGB,MTP,2022-05-11 18:12:32
MGB,MTP,2022-05-11 18:12:32
MGB,MTP,2022-05-11 18:12:33
MGB,MTP,2022-05-11 18:12:33
MGB,MTP,2022-05-11 18:12:34
MGB,MTP,2022-05-11 18:12:34
MGB,MTP,2022-05-11 18:12:35
MGB,MTP,2022-05-11 18:12:35
MGB,MTP,2022-05-11 18:12:36
MGB,MTP,2022-05-11 18:12:36
MGB,MTP,2022-05-11 18:12:37
MGB,MTP,2022-05-11 18:12:37
MGB,MTP,2022-05-11 18:12:38
MGB,MTP,2022-05-11 18:12:38
MGB,MTP,2022-05-11 18:12:39
MGB,MTP,2022-05-11 18:12:39
MGB,MTP,2022-05-11 18:12:40
MGB,MTP,2022-05-11 18:12:40
MGB,MTP,2022-05-11 18:12:41
MGB,MTP,2022-05-11 18:12:41
MGB,MTP,2022-05-11 18:12:42
MGB,MTP,2022-05-11 18:12:42
MGB,MTP,2022-05-11 18:12:43
MGB,MTP,2022-05-11 18:12:43
MGB,MTP,2022-05-11 18:12:44
MGB,MTP,2022-05-11 18:12:44
MGB,MTP,2022-05-11 18:12:45
MGB,MTP,2022-05-11 18:12:45
MGB,MTP,2022-05-11 18:12:46
MGB,MTP,2022-05-11 18:12:46
MGB,MTP,2022-05-11 18:12:47
MGB,MTP,2022-05-11 18:12:47
MGB,MTP,2022-05-11 18:12:48
MGB,MTP,2022-05-11 18:12:48
MGB,MTP,2022-05-11 18:12:49
MGB,MTP,2022-05-11 18:12:49
MGB,MTP,2022-05-11 18:12:50
MGB,MTP,2022-05-11 18:12:50
MGB,MTP,2022-05-11 18:12:51
MGB,MTP,2022-05-11 18:12:51
MGB,MTP,2022-05-11 18:12:52
MGB,MTP,2022-05-11 18:12:52
MGB,MTP,2022-05-11 18:12:53
MGB,MTP,2022-05-11 18:12:53
MGB,MTP,2022-05-11 18:12:54
MGB,MTP,2022-05-11 18:12:54
MGB,MTP,2022-05-11 18:12:55
MGB,MTP,2022-05-11 18:12:55
MGB,MTP,2022-05-11 18:12:56
MGB,MTP,2022-05-11 18:12:56
MGB,MTP,2022-05-11 18:12:57
MGB,MTP,2022-05-11 18:12:57
MGB,MTP,2022-05-11 18:12:58
MGB,MTP,2022-05-11 18:12:58
MGB,MTP,2022-05-11 18:12:59
MGB,MTP,2022-05-11 18:12:59
MGB,MTP,2022-05-11 18:13:00
MGB,MTP,2022-05-11 18:13:00
MGB,MTP,2022-05-11 18:13:01
MGB,MTP,2022-05-11 18:13:01
MGB,MTP,2022-05-11 18:13:02
MGB,MTP,2022-05-11 18:13:02
MGB,MTP,2022-05-11 18:13:03
MGB,MTP,2022-05-11 18:13:03
MGB,MTP,2022-05-11 18:13:04
MGB,MTP,2022-05-11 18:13:04
MGB,MTP,2022-05-11 18:13:05
MGB,MTP,2022-05-11 18:13:05
MGB,MTP,2022-05-11 18:13:06
MGB,MTP,2022-05-11 18:13:06
MGB,MTP,2022-05-11 18:13:15
MGB,MTP,2022-05-11 18:13:15
MGB,MTP,2022-05-11 18:13:16
MGB,MTP,2022-05-11 18:13:16
MGB,MTP,2022-05-11 18:13:17
MGB,MTP,2022-05-11 18:13:17
MGB,MTP,2022-05-11 18:13:18
MGB,MTP,2022-05-11 18:13:18
MGB,MTP,2022-05-11 18:13:19
MGB,MTP,2022-05-11 18:13:19
MGB,MTP,2022-05-11 18:13:20
MGB,MTP,2022-05-11 18:13:20
MGB,MTP,2022-05-11 18:13:21
MGB,MTP,2022-05-11 18:13:21
MGB,MTP,2022-05-11 18:13:22
MGB,MTP,2022-05-11 18:13:22
MGB,MTP,2022-05-11 18:13:23
MGB,MTP,2022-05-11 18:13:23
MGB,MTP,2022-05-11 18:13:24
MGB,MTP,2022-05-11 18:13:24
MGB,MTP,2022-05-11 18:13:25
MGB,MTP,2022-05-11 18:13:25
MGB,MTP,2022-05-11 18:13:26
MGB,MTP,2022-05-11 18:13:26
MGB,MTP,2022-05-11 18:13:27
MGB,MTP,2022-05-11 18:13:27
MGB,MTP,2022-05-11 18:13:28
MGB,MTP,2022-05-11 18:13:28
MGB,MTP,2022-05-11 18:13:29
MGB,MTP,2022-05-11 18:13:29
MGB,MTP,2022-05-11 18:13:30
MGB,MTP,2022-05-11 18:13:30
MGB,MTP,2022-05-11 18:13:31
MGB,MTP,2022-05-11 18:13:31
MGB,MTP,2022-05-11 18:13:32
MGB,MTP,2022-05-11 18:13:32
MGB,MTP,2022-05-11 18:13:33
MGB,MTP,2022-05-11 18:13:33
MGB,MTP,2022-05-11 18:13:34
MGB,MTP,2022-05-11 18:13:34
MGB,MTP,2022-05-11 18:13:35
MGB,MTP,2022-05-11 18:13:35
MGB,MTP,2022-05-11 18:13:36
MGB,MTP,2022-05-11 18:13:36
MGB,MTP,2022-05-11 18:13:37
MGB,MTP,2022-05-11 18:13:37
MGB,MTP,2022-05-11 18:13:38
MGB,MTP,2022-05-11 18:13:38
MGB,MTP,2022-05-11 18:13:39
MGB,MTP,2022-05-11 18:13:39
MGB,MTP,2022-05-11 18:13:40
MGB,MTP,2022-05-11 18:13:40
MGB,MTP,2022-05-11 18:13:41
MGB,MTP,2022-05-11 18:13:41
MGB,MTP,2022-05-11 18:13:42
MGB,MTP,2022-05-11 18:13:42
MGB,MTP,2022-05-11 18:13:43
MGB,MTP,2022-05-11 18:13:43
MGB,MTP,2022-05-11 18:13:44
MGB,MTP,2022-05-11 18:13:44
MGB,MTP,2022-05-11 18:13:45
MGB,MTP,2022-05-11 18:13:45
MGB,MTP,2022-05-11 18:13:46
MGB,MTP,2022-05-11 18:13:46
MGB,MTP,2022-05-11 18:13:47
MGB,MTP,2022-05-11 18:13:47
MGB,MTP,2022-05-11 18:13:48
MGB,MTP,2022-05-11 18:13:48
MGB,MTP,2022-05-11 18:13:49
MGB,MTP,2022-05-11 18:13:49
MGB,MTP,2022-05-11 18:13:50
MGB,MTP,2022-05-11 18:13:50
MGB,MTP,2022-05-11 18:13:51
MGB,MTP,2022-05-11 18:13:51
MGB,MTP,2022-05-11 18:13:52
MGB,MTP,2022-05-11 18:13:52
MGB,MTP,2022-05-11 18:13:53
MGB,MTP,2022-05-11 18:13:53
MGB,MTP,2022-05-11 18:13:54
MGB,MTP,2022-05-11 18:13:54
MGB,MTP,2022-05-11 18:13:55
MGB,MTP,2022-05-11 18:13:55
MGB,MTP,2022-05-11 18:13:56
MGB,MTP,2022-05-11 18:13:56
MGB,MTP,2022-05-11 18:13:57
MGB,MTP,2022-05-11 18:13:57
MGB,MTP,2022-05-11 18:13:58
MGB,MTP,2022-05-11 18:13:58
MGB,MTP,2022-05-11 18:13:59
MGB,MTP,2022-05-11 18:13:59
MGB,MTP,2022-05-11 18:14:00
MGB,MTP,2022-05-11 18:14:00
MGB,MTP,2022-05-11 18:14:01
MGB,MTP,2022-05-11 18:14:01
MGB,MTP,2022-05-11 18:14:02
MGB,MTP,2022-05-11 18:14:02
MGB,MTP,2022-05-11 18:14:03
MGB,MTP,2022-05-11 18:14:03
MGB,MTP,2022-05-11 18:14:04
MGB,MTP,2022-05-11 18:14:04
MGB,MTP,2022-05-11 18:14:05
MGB,MTP,2022-05-11 18:14:05
MGB,MTP,2022-05-11 18:14:06
MGB,MTP,2022-05-11 18:14:06
MGB,MTP,2022-05-11 18:14:07
MGB,MTP,2022-05-11 18:14:07
MGB,MTP,2022-05-11 18:14:08
MGB,MTP,2022-05-11 18:14:08
MGB,MTP,2022-05-11 18:14:09
MGB,MTP,2022-05-11 18:14:09
MGB,MTP,2022-05-11 18:14:10
MGB,MTP,2022-05-11 18:14:10
MGB,MTP,2022-05-11 18:14:11
MGB,MTP,2022-05-11 18:14:11
MGB,MTP,2022-05-11 18:14:12
MGB,MTP,2022-05-11 18:14:12
MGB,MTP,2022-05-11 18:14:13
MGB,MTP,2022-05-11 18:14:13
MTP,MWB,2022-05-11 17:49:38
MTP,MWB,2022-05-11 17:49:39
MTP,MWB,2022-05-11 17:49:40
MTP,MWB,2022-05-11 17:49:41
MTP,MWB,2022-05-11 17:49:42
MTP,MWB,2022-05-11 17:49:43
MTP,MWB,2022-05-11 17:49:44
MTP,MWB,2022-05-11 17:49:45
MTP,MWB,2022-05-11 17:49:46
MTP,MWB,2022-05-11 17:49:47
MTP,MWB,2022-05-11 17:49:48
MTP,MWB,2022-05-11 17:49:49
MTP,MWB,2022-05-11 17:49:50
MTP,MWB,2022-05-11 17:49:51
MTP,MWB,2022-05-11 17:49:52
MTP,MWB,2022-05-11 17:49:53
MTP,MWB,2022-05-11 17:49:54
MTP,MWB,2022-05-11 17:51:03
MTP,MWB,2022-05-11 17:51:04
MTP,MWB,2022-05-11 17:51:05
MTP,MWB,2022-05-11 17:51:06
MTP,MWB,2022-05-11 17:51:07
MTP,MWB,2022-05-11 17:51:08
MTP,MWB,2022-05-11 17:51:09
MTP,MWB,2022-05-11 17:51:10
MTP,MWB,2022-05-11 17:51:11
MTP,MWB,2022-05-11 17:51:12
MTP,MWB,2022-05-11 17:51:13
MTP,MWB,2022-05-11 17:51:14
MTP,MWB,2022-05-11 17:51:15
MTP,MWB,2022-05-11 17:51:16
MTP,MWB,2022-05-11 17:51:17
MTP,MWB,2022-05-11 17:51:18
MTP,MWB,2022-05-11 17:51:19
MTP,MWB,2022-05-11 17:51:20
MTP,MWB,2022-05-11 17:51:21
MTP,MWB,2022-05-11 17:51:22
MTP,MWB,2022-05-11 17:51:23
MTP,MWB,2022-05-11 17:51:24
MTP,MWB,2022-05-11 17:51:25
MTP,MWB,2022-05-11 17:51:26
MTP,MWB,2022-05-11 17:51:27
MTP,MWB,2022-05-11 17:51:28
MTP,MWB,2022-05-11 17:51:29
MTP,MWB,2022-05-11 17:51:30
MTP,MWB,2022-05-11 17:51:31
MTP,MWB,2022-05-11 17:51:32
MTP,MWB,2022-05-11 17:51:33
MTP,MWB,2022-05-11 17:51:34
MTP,MWB,2022-05-11 17:51:35
MTP,MWB,2022-05-11 17:51:36
MTP,MWB,2022-05-11 17:51:37
MTP,MWB,2022-05-11 17:51:38
MTP,MWB,2022-05-11 17:51:39
MTP,MWB,2022-05-11 17:51:40
MTP,MWB,2022-05-11 17:51:41
MTP,MWB,2022-05-11 17:51:42
MTP,MWB,2022-05-11 17:51:43
MTP,MWB,2022-05-11 17:51:44
MTP,MWB,2022-05-11 17:51:45
MTP,MWB,2022-05-11 17:51:46
MTP,MWB,2022-05-11 17:51:47
MTP,MWB,2022-05-11 17:51:48
MTP,MWB,2022-05-11 17:51:49
MTP,MWB,2022-05-11 17:51:50
MTP,MWB,2022-05-11 17:51:51
MTP,MWB,2022-05-11 17:51:52
MTP,MWB,2022-05-11 17:51:53
MTP,MWB,2022-05-11 17:52:11
MTP,MWB,2022-05-11 17:52:12
MTP,MWB,2022-05-11 17:52:13
MTP,MWB,2022-05-11 17:52:14
MTP,MWB,2022-05-11 17:52:15
MTP,MWB,2022-05-11 17:52:16
MTP,MWB,2022-05-11 17:52:17
MTP,MWB,2022-05-11 17:52:18
MTP,MWB,2022-05-11 17:52:19
MTP,MWB,2022-05-11 17:52:20
MTP,MWB,2022-05-11 17:52:21
MTP,MWB,2022-05-11 17:52:22
MTP,MWB,2022-05-11 17:52:23
MTP,MWB,2022-05-11 17:52:24
MTP,MWB,2022-05-11 17:52:25
MTP,MWB,2022-05-11 17:52:59
MTP,MWB,2022-05-11 17:53:00
MTP,MWB,2022-05-11 17:53:01
MTP,MWB,2022-05-11 18:04:40
MTP,MWB,2022-05-11 18:04:41
MTP,MWB,2022-05-11 18:04:42
MTP,MWB,2022-05-11 18:04:43
MTP,MWB,2022-05-11 18:04:44
MTP,MWB,2022-05-11 18:04:45
MTP,MWB,2022-05-11 18:04:46
MTP,MWB,2022-05-11 18:04:47
MTP,MWB,2022-05-11 18:04:48
MTP,MWB,2022-05-11 18:04:49
MTP,MWB,2022-05-11 18:04:50
MTP,MWB,2022-05-11 18:04:51
MTP,MWB,2022-05-11 18:04:52
MTP,MWB,2022-05-11 18:04:53
MTP,MWB,2022-05-11 18:04:54
MTP,MWB,2022-05-11 18:05:04
MTP,MWB,2022-05-11 18:05:05
MTP,MWB,2022-05-11 18:05:06
MTP,MWB,2022-05-11 18:05:07
MTP,MWB,2022-05-11 18:05:08
MTP,MWB,2022-05-11 18:05:09
MTP,MWB,2022-05-11 18:05:10
MTP,MWB,2022-05-11 18:05:11
MTP,MWB,2022-05-11 18:05:12
MTP,MWB,2022-05-11 18:05:13
MTP,MWB,2022-05-11 18:05:14
MTP,MWB,2022-05-11 18:05:15
MTP,MWB,2022-05-11 18:05:16
MTP,MWB,2022-05-11 18:05:17
MTP,MWB,2022-05-11 18:05:18
MTP,MWB,2022-05-11 18:05:19
MTP,MWB,2022-05-11 18:05:20
MTP,MWB,2022-05-11 18:05:21
MTP,MWB,2022-05-11 18:05:22
MTP,MWB,2022-05-11 18:05:23
MTP,MWB,2022-05-11 18:05:24
MTP,MWB,2022-05-11 18:05:25
MTP,MWB,2022-05-11 18:05:26
MTP,MWB,2022-05-11 18:05:27
MTP,MWB,2022-05-11 18:05:28
MTP,MWB,2022-05-11 18:05:29
MTP,MWB,2022-05-11 18:05:30
MTP,MWB,2022-05-11 18:05:31
MTP,MWB,2022-05-11 18:05:32
MTP,MWB,2022-05-11 18:05:33
MTP,MWB,2022-05-11 18:05:34
MTP,MWB,2022-05-11 18:05:35
MTP,MWB,2022-05-11 18:05:36
MTP,MWB,2022-05-11 18:05:37
MTP,MWB,2022-05-11 18:05:38
MTP,MWB,2022-05-11 18:05:39
MTP,MWB,2022-05-11 18:05:40
MTP,MWB,2022-05-11 18:05:41
MTP,MWB,2022-05-11 18:05:42
MTP,MWB,2022-05-11 18:05:43
MTP,MWB,2022-05-11 18:05:44
MTP,MWB,2022-05-11 18:05:45
MTP,MWB,2022-05-11 18:05:46
MTP,MWB,2022-05-11 18:05:47
MTP,MWB,2022-05-11 18:05:48
MTP,MWB,2022-05-11 18:05:49
MTP,MWB,2022-05-11 18:05:50
MTP,MWB,2022-05-11 18:05:51
MZ,PL,2022-05-11 17:51:23
MZ,PL,2022-05-11 17:51:24
MZ,PL,2022-05-11 17:51:25
MZ,PL,2022-05-11 17:51:26
MZ,PL,2022-05-11 17:51:27
MZ,PL,2022-05-11 17:51:28
MZ,PL,2022-05-11 17:51:29
MZ,PL,2022-05-11 17:51:30
MZ,PL,2022-05-11 17:51:31
MZ,PL,2022-05-11 17:51:32
MZ,PL,2022-05-11 17:51:33
MZ,PL,2022-05-11 17:51:34
MZ,PL,2022-05-11 17:51:35
MZ,PL,2022-05-11 17:51:36
MZ,PL,2022-05-11 17:51:37
MZ,PL,2022-05-11 17:51:38
MZ,PL,2022-05-11 17:51:39
MZ,PL,2022-05-11 17:51:40
MZ,PL,2022-05-11 17:51:41
MZ,PL,2022-05-11 17:51:42
MZ,PL,2022-05-11 17:51:43
MZ,PL,2022-05-11 17:51:44
MZ,PL,2022-05-11 17:51:45
MZ,PL,2022-05-11 17:51:46
MZ,PL,2022-05-11 17:51:47
MZ,PL,2022-05-11 17:51:48
MZ,PL,2022-05-11 17:51:49
MZ,PL,2022-05-11 17:51:50
MZ,PL,2022-05-11 17:51:51
MZ,PL,2022-05-11 17:51:52
MZ,PL,2022-05-11 17:51:53
MZ,PL,2022-05-11 17:51:54
MZ,PL,2022-05-11 17:51:55
MZ,PL,2022-05-11 17:51:56
MZ,PL,2022-05-11 17:51:57
MZ,PL,2022-05-11 17:51:58
MZ,PL,2022-05-11 17:51:59
MZ,PL,2022-05-11 17:52:00
MZ,PL,2022-05-11 17:52:01
MZ,PL,2022-05-11 17:52:02
MZ,PL,2022-05-11 17:52:03
MZ,PL,2022-05-11 17:52:04
MZ,PL,2022-05-11 17:52:05
MZ,PL,2022-05-11 17:52:06
MZ,PL,2022-05-11 17:52:07
MZ,PL,2022-05-11 17:52:08
MZ,PL,2022-05-11 17:52:09
MZ,PL,2022-05-11 17:52:10
MZ,PL,2022-05-11 17:52:11
MZ,PL,2022-05-11 17:52:12
MZ,PL,2022-05-11 17:52:13
MZ,PL,2022-05-11 17:52:14
MZ,PL,2022-05-11 17:52:15
MZ,PL,2022-05-11 17:52:16
MZ,PL,2022-05-11 17:52:17
MZ,PL,2022-05-11 17:52:18
MZ,PL,2022-05-11 17:52:19
MZ,PL,2022-05-11 17:52:20
MZ,PL,2022-05-11 17:52:21
MZ,PL,2022-05-11 17:52:22
MZ,PL,2022-05-11 17:52:23
MZ,PL,2022-05-11 17:53:21
MZ,PL,2022-05-11 17:53:22
MZ,PL,2022-05-11 17:53:23
MZ,PL,2022-05-11 17:53:24
MZ,PL,2022-05-11 17:53:25
MZ,PL,2022-05-11 17:53:26
MZ,PL,2022-05-11 17:53:27
MZ,PL,2022-05-11 17:53:28
MZ,PL,2022-05-11 17:53:29
MZ,PL,2022-05-11 17:53:30
MZ,PL,2022-05-11 17:53:31
MZ,PL,2022-05-11 17:53:32
MZ,PL,2022-05-11 17:53:33
MZ,PL,2022-05-11 17:53:34
MZ,PL,2022-05-11 17:53:35
MZ,PL,2022-05-11 17:53:36
MZ,PL,2022-05-11 17:53:37
MZ,PL,2022-05-11 17:53:38
MZ,PL,2022-05-11 17:53:39
MZ,PL,2022-05-11 17:53:40
MZ,PL,2022-05-11 17:53:41
MZ,PL,2022-05-11 17:53:42
MZ,PL,2022-05-11 17:53:43
MZ,PL,2022-05-11 17:53:44
MZ,PL,2022-05-11 17:53:45
MZ,PL,2022-05-11 17:53:46
MZ,PL,2022-05-11 17:53:47
MZ,PL,2022-05-11 17:53:48
MZ,PL,2022-05-11 17:53:49
MZ,PL,2022-05-11 17:53:50
MZ,PL,2022-05-11 17:53:51
MZ,PL,2022-05-11 17:53:52
MZ,PL,2022-05-11 17:53:53
MZ,PL,2022-05-11 17:53:54
MZ,PL,2022-05-11 17:53:55
MZ,PL,2022-05-11 17:53:56
